{"Accuracy": 0.9787499904632568, "Precision": 0.9617740511894226, "Recall": 0.981249988079071, "AUC": 0.9963160753250122}