{ "Accuracy": 0.9245693932632568, "Precision": 0.9148746511895246, "Recall": 0.927279588088076, "AUC": 0.9660760793250846 }